,BUN,GCS,hematocrit,heartrate,curr_weight,riker_sas,temp,resp_rate,abp,spo2,inr,wbc,bloodpH,pao2,fio2,pco2,paco2,bloodlactate,fluidbolus,bilirubin,creatinine,sodium,potassium,hemoglobin,ptt,att,vent,urine_output,platelet_cnt,csru,aids,metastatic_cancer,admit_age,weight_first,pacemaker,comp_immune,diabetes,dialysis,cri,hf,cld,hm,jaundice,pneumonia,ali
max,20.0,15.0,40.5,100.0,145.600006104,NaN,39.8333165911,37.0,164.0,100.0,12.9,11.0,7.52,480.0,1.0,NaN,74.0,1.9,1000.0,1.1,1.3,147.0,5.3,12.899999618499999,150.0,258.0,1.0,586.7399902340001,320.0,1.0,0.0,1.0,81.84522,120.0,0.0,0.0,1.0,0.0,0.0,1.0,1.0,0.0,0.0,1.0,0.0
mean,12.86478227654698,12.451754801093992,31.210005802634125,81.38780977404149,100.2924127560908,NaN,37.027478693989316,18.42075911449587,109.41703038398177,96.18705595522252,1.4497426935106361,8.325346320346322,7.374479272786038,126.55303698402437,0.7181412548458479,NaN,40.455193923723336,1.41531746031746,238.39285714285714,0.3487012987012986,0.848709029066172,138.1197646039261,4.227588392000157,10.555333636674243,42.27181980733364,63.960389610389605,0.16174147319146415,192.5242821827143,162.2616897357029,0.46012399174595986,0.0,0.07142857142857142,60.82497642857145,93.4220238095239,0.0,0.0,0.2857142857142857,0.0,0.0,0.42857142857142855,0.2857142857142857,0.0,0.0,0.07142857142857142,0.0
min,6.0,3.0,15.600000381500001,49.0,78.0,NaN,18.6111051771,7.0,33.3333333333,45.0,1.0,4.5,7.09,52.0,0.34999999404,NaN,25.0,0.8,150.0,0.1,0.6,135.0,3.5,5.099999904630001,20.3,5.0,0.0,162.199996948,48.0,0.0,0.0,0.0,36.24503,69.3,0.0,0.0,0.0,0.0,0.0,0.0,0.0,0.0,0.0,0.0,0.0
