,BUN,GCS,hematocrit,heartrate,curr_weight,riker_sas,temp,resp_rate,abp,spo2,inr,wbc,bloodpH,pao2,fio2,pco2,paco2,bloodlactate,bilirubin,creatinine,sodium,potassium,hemoglobin,ptt,att,vent,urine_output,platelet_cnt,csru,aids,metastatic_cancer,admit_age,weight_first,pacemaker,comp_immune,diabetes,dialysis,cri,hf,cld,hm,jaundice,pneumonia,ali,score,treatment
max,20.0,15.0,53.0,100.0,283.0,NaN,40.9444217682,99.0,283.0,100.0,88.6,11.0,7.65,500.0,1.0,NaN,100.0,2.0,1.5,1.3,148.0,5.3,18.0,204.0,14380.0,1.0,611.0,1446.0,1.0,1.0,1.0,201.19961999999998,283.0,1.0,1.0,1.0,0.0,1.0,1.0,1.0,1.0,1.0,1.0,1.0,3.0,1.0
mean,13.68239754458871,12.892673802848222,31.474312716701355,80.49975218649438,83.5030220850904,NaN,36.88792369085031,19.118481441384713,121.94280138803762,97.16058510116432,1.4244465348500788,8.363146099393582,7.386315667558579,144.1648533087392,0.5396043892992479,NaN,41.85686038802823,1.3615514269833804,0.7370508266502636,0.819270653463971,139.5114883164394,4.113262824708342,10.69311220550717,37.06332419954895,383.70239529585564,0.1052897019232876,154.83522235011645,211.71811831091156,0.31192856254307766,0.007861635220125795,0.02987421383647797,64.92088156446557,80.89560160702466,0.03066037735849053,0.0432389937106918,0.25786163522012573,0.0,0.06603773584905649,0.3278301886792453,0.05896226415094342,0.00943396226415096,0.0007861635220125781,0.07547169811320745,0.007861635220125783,1.0168263145263867,1.3080923827164367e-06
min,6.0,3.0,8.39999961853,14.0,1.10000002384,NaN,0.200000171032,0.33333333333299997,1.0,3.0,0.5,4.0,4.0,7.26000022888,0.20999999344300002,NaN,16.0,0.5,0.1,0.1,135.0,3.5,3.40000009537,12.6,5.0,0.0,12.199999809300001,0.3,0.0,0.0,0.0,17.937620000000003,31.6,0.0,0.0,0.0,0.0,0.0,0.0,0.0,0.0,0.0,0.0,0.0,0.0,0.0
